nome,email,data_nascimento
Léo Câmara,viniciusmelo@example.org,2000-10-26
Samuel Ribeiro,sleao@example.org,1947-02-26
Rodrigo Vasconcelos,da-matagael@example.org,1973-04-15
Thiago Leão,enzo-gabrielcorreia@example.com,1961-07-04
Olivia Macedo,juan87@example.com,1944-07-24
Caleb da Conceição,aabreu@example.org,1952-11-13
Rodrigo Freitas,wduarte@example.com,1915-02-16
Maria Laura Ferreira,kteixeira@example.com,1952-07-17
Rhavi Aparecida,pastormaria-clara@example.org,1921-02-23
Nicolas Freitas,helena04@example.com,1980-02-19
Anna Liz Viana,scaldeira@example.net,1929-05-05
Luara Melo,bfonseca@example.com,1967-07-23
Lavínia Siqueira,rcasa-grande@example.com,1940-12-21
Bianca Fernandes,oliveiravinicius@example.net,1985-02-04
Henry Gabriel Caldeira,halmeida@example.net,1992-05-12
